{
    "Enemy_Invisible": {
        "color": [
            0.5647059082984924,
            0.07058823853731155,
            0.11372549086809158,
            1.0
        ],
        "enableLighting": 0,
        "shininess": 8.15999984741211,
        "specularColor": [
            0.0,
            0.0,
            0.0
        ],
        "uvRotate": [
            0.0,
            0.0,
            0.0
        ],
        "uvScale": [
            0.0,
            0.0,
            0.0
        ],
        "uvTranslate": [
            0.0,
            0.0,
            0.0
        ]
    }
}
