{
    "Enemy_Inbisible": {
        "color": [
            0.40392157435417175,
            0.09019608050584793,
            0.09019608050584793,
            1.0
        ],
        "enableLighting": 0,
        "shininess": 10.569999694824219,
        "specularColor": [
            0.0,
            0.0,
            0.0
        ],
        "uvRotate": [
            0.0,
            0.0,
            0.0
        ],
        "uvScale": [
            0.0,
            0.0,
            0.0
        ],
        "uvTranslate": [
            0.0,
            0.0,
            0.0
        ]
    }
}
