{
    "HitEffect": {
        "color": [
            0.7176470756530762,
            0.6274510025978088,
            0.24705882370471954,
            1.0
        ],
        "enableLighting": 0,
        "shininess": 22.1299991607666,
        "specularColor": [
            0.6835442781448364,
            0.2169686257839203,
            0.164396733045578
        ],
        "uvRotate": [
            0.0,
            0.0,
            0.0
        ],
        "uvScale": [
            0.0,
            0.0,
            0.0
        ],
        "uvTranslate": [
            0.0,
            0.0,
            0.0
        ]
    }
}
