{
    "Player_Invisible": {
        "color": [
            0.4345991611480713,
            0.06968257576227188,
            0.06968257576227188,
            1.0
        ],
        "enableLighting": 0,
        "shininess": 8.010000228881836,
        "specularColor": [
            0.0,
            0.0,
            0.0
        ],
        "uvRotate": [
            0.0,
            0.0,
            0.0
        ],
        "uvScale": [
            0.0,
            0.0,
            0.0
        ],
        "uvTranslate": [
            0.0,
            0.0,
            0.0
        ]
    }
}