{
    "white": {
        "color_": [
            1.0,
            1.0,
            1.0,
            1.0
        ],
        "enableLighting_": 0,
        "shininess_": 42.599998474121094,
        "specularColor_": [
            0.0,
            0.5,
            0.699999988079071
        ],
        "uvRotate_": [
            0.0,
            0.0,
            0.0
        ],
        "uvScale": [
            1.0,
            1.0,
            1.0
        ],
        "uvTranslate_": [
            0.0,
            0.0,
            0.0
        ]
    }
}
