{
    "NULL": {
        "activeTime": 1.100000023841858,
        "isLoop": true,
        "maxDirectory": [
            0.4000000059604645,
            0.6000000238418579,
            0.30000001192092896
        ],
        "minDirectory": [
            -0.30000001192092896,
            -0.800000011920929,
            -0.20000000298023224
        ],
        "modelFileName": "Plane.obj",
        "originPos_": [
            0.0,
            0.0,
            11.100000381469727
        ],
        "particleColor": [
            1.0,
            1.0,
            1.0,
            1.0
        ],
        "particleIsBillBoard": true,
        "particleLifeTime": 0.10000000149011612,
        "particleMaxSize": 7,
        "particleRotate": [
            0.0,
            0.0,
            0.0
        ],
        "particleScale": [
            1.0,
            1.0,
            1.0
        ],
        "particleSpeed": 25.799999237060547,
        "particleUvRotate": [
            0.0,
            0.0,
            0.0
        ],
        "particleUvScale": [
            1.0,
            1.0,
            1.0
        ],
        "particleUvTranslate": [
            0.0,
            0.0,
            0.0
        ],
        "shapeType": 0,
        "spawnCoolTime": 0.20000000298023224,
        "spawnParticleVal": 7,
        "spawnSphereRadius": 6.900000095367432,
        "textureFileName": "resource/Models/Beam.png"
    }
}
