{
    "Score": {
        "numbersLtPos_": [
            560.0,
            439.1000061035156
        ],
        "scoreTextPos_": [
            521.0999755859375,
            327.70001220703125
        ],
        "scoreTextSize_": [
            200.0,
            72.0
        ],
        "tile2tileSpacing_": [
            4.300000190734863,
            0.0
        ],
        "tileSize_": [
            64.0,
            64.0
        ]
    }
}
