{
    "Beam": {
        "energySpritePos": [
            32.20000076293945,
            502.1000061035156
        ],
        "energySpriteSize": [
            36.0,
            256.0
        ],
        "healingEnergyPerSeconds_": 9.300000190734863,
        "leftOffset": [
            0.10000000149011612,
            -0.10000000149011612,
            0.20000000298023224
        ],
        "lostEnergyPerSeconds_": 8.600000381469727,
        "maxEnergy_": 80.0,
        "rightOffset": [
            -0.10000000149011612,
            -0.10000000149011612,
            0.20000000298023224
        ]
    }
}
