{
    "EnemySpawnEvent_9": {
        "Enemy_0_Direction": [
            -0.8586528897285461,
            0.0,
            0.5125576257705688
        ],
        "Enemy_0_SpawnPos": [
            -52.882999420166016,
            4.464000225067139,
            -10.9399995803833
        ],
        "Enemy_0_Speed": 7.800000190734863,
        "Enemy_1_Direction": [
            -0.9868974685668945,
            0.0,
            0.16134874522686005
        ],
        "Enemy_1_SpawnPos": [
            -42.24399948120117,
            2.253999948501587,
            -7.5
        ],
        "Enemy_1_Speed": 11.5,
        "Enemy_2_Direction": [
            -0.8691943287849426,
            0.0,
            0.4944708049297333
        ],
        "Enemy_2_SpawnPos": [
            -51.79899978637695,
            11.208000183105469,
            -33.74599838256836
        ],
        "Enemy_2_Speed": 2.9000000953674316,
        "Enemy_3_Direction": [
            0.7133100032806396,
            0.0,
            -0.7008486986160278
        ],
        "Enemy_3_SpawnPos": [
            -107.62899780273438,
            -2.546999931335449,
            30.2189998626709
        ],
        "Enemy_3_Speed": 16.899999618530273,
        "Enemy_4_Direction": [
            0.26153844594955444,
            0.9650749564170837,
            0.015100061893463135
        ],
        "Enemy_4_SpawnPos": [
            -102.59400177001953,
            -21.389999389648438,
            6.0370001792907715
        ],
        "Enemy_4_Speed": 2.200000047683716,
        "Enemy_5_Direction": [
            0.0,
            0.0,
            0.0
        ],
        "Enemy_5_SpawnPos": [
            0.0,
            0.0,
            0.0
        ],
        "Enemy_5_Speed": 0.0,
        "eventTriggerDistance": 296.0,
        "hasEnemySize_": 5
    }
}
