{
    "EnemySpawnEvent_11": {
        "Enemy_0_Direction": [
            -0.09537861496210098,
            0.9905008673667908,
            0.09905010461807251
        ],
        "Enemy_0_SpawnPos": [
            -73.2030029296875,
            -9.927000045776367,
            -22.768999099731445
        ],
        "Enemy_0_Speed": 6.300000190734863,
        "Enemy_1_Direction": [
            0.0,
            1.0,
            0.0
        ],
        "Enemy_1_SpawnPos": [
            -93.05599975585938,
            -9.927000045776367,
            -24.613000869750977
        ],
        "Enemy_1_Speed": 4.800000190734863,
        "Enemy_2_Direction": [
            0.3658941686153412,
            0.0,
            0.9306564927101135
        ],
        "Enemy_2_SpawnPos": [
            -84.90899658203125,
            6.519000053405762,
            -60.45199966430664
        ],
        "Enemy_2_Speed": 3.9000000953674316,
        "Enemy_3_Direction": [
            0.36586886644363403,
            0.0,
            0.9306663870811462
        ],
        "Enemy_3_SpawnPos": [
            -81.53700256347656,
            6.519000053405762,
            -63.15599822998047
        ],
        "Enemy_3_Speed": 4.599999904632568,
        "Enemy_4_Direction": [
            0.0,
            0.0,
            0.0
        ],
        "Enemy_4_SpawnPos": [
            0.0,
            0.0,
            0.0
        ],
        "Enemy_4_Speed": 0.0,
        "eventTriggerDistance": 323.0,
        "hasEnemySize_": 4
    }
}
