{
    "EnemySpawnEvent_0": {
        "Enemy_0_Direction": [
            -0.4468604028224945,
            -0.23268261551856995,
            0.8638139963150024
        ],
        "Enemy_0_SpawnPos": [
            99.99099731445313,
            11.562999725341797,
            1.7999999523162842
        ],
        "Enemy_0_Speed": 6.599999904632568,
        "Enemy_1_Direction": [
            -0.3326776325702667,
            -0.2599300146102905,
            0.9065109491348267
        ],
        "Enemy_1_SpawnPos": [
            99.99099731445313,
            7.36299991607666,
            17.899999618530273
        ],
        "Enemy_1_Speed": 7.5,
        "Enemy_2_Direction": [
            -0.790439784526825,
            0.4069948196411133,
            0.45777755975723267
        ],
        "Enemy_2_SpawnPos": [
            99.99099731445313,
            -8.63700008392334,
            29.100000381469727
        ],
        "Enemy_2_Speed": 9.199999809265137,
        "eventTriggerDistance": 15.399999618530273,
        "hasEnemySize_": 2
    }
}
