{
    "EnemySpawner": {
        "maxHp": 96.4000015258789,
        "radius": 1.2999999523162842,
        "spawnCoolTime": 2.4000000953674316
    }
}
