{
    "EnemySpawnEvent_14": {
        "Enemy_0_Direction": [
            -0.0411674790084362,
            0.6799042820930481,
            -0.7321444749832153
        ],
        "Enemy_0_SpawnPos": [
            42.5880012512207,
            -6.458000183105469,
            -55.957000732421875
        ],
        "Enemy_0_Speed": 5.099999904632568,
        "Enemy_1_Direction": [
            0.3183654248714447,
            0.6953940987586975,
            0.6442596316337585
        ],
        "Enemy_1_SpawnPos": [
            35.7130012512207,
            1.3669999837875366,
            -96.8030014038086
        ],
        "Enemy_1_Speed": 7.300000190734863,
        "Enemy_2_Direction": [
            0.6881263256072998,
            0.12516376376152039,
            -0.7147141098976135
        ],
        "Enemy_2_SpawnPos": [
            38.31999969482422,
            -2.7019999027252197,
            -48.90399932861328
        ],
        "Enemy_2_Speed": 6.300000190734863,
        "Enemy_3_Direction": [
            -0.8641983270645142,
            0.0,
            -0.5031514167785645
        ],
        "Enemy_3_SpawnPos": [
            123.86599731445313,
            0.4970000088214874,
            -20.79400062561035
        ],
        "Enemy_3_Speed": 6.300000190734863,
        "Enemy_4_Direction": [
            -0.8635750412940979,
            0.0,
            -0.5042203664779663
        ],
        "Enemy_4_SpawnPos": [
            126.11499786376953,
            0.4970000088214874,
            -25.0
        ],
        "Enemy_4_Speed": 6.300000190734863,
        "Enemy_5_Direction": [
            -0.8635861873626709,
            0.0,
            -0.5042012333869934
        ],
        "Enemy_5_SpawnPos": [
            128.69400024414063,
            0.5770000219345093,
            -29.812999725341797
        ],
        "Enemy_5_Speed": 6.300000190734863,
        "Enemy_6_Direction": [
            -0.2663670778274536,
            0.0,
            -0.9638716578483582
        ],
        "Enemy_6_SpawnPos": [
            80.22599792480469,
            -1.0859999656677246,
            -20.492000579833984
        ],
        "Enemy_6_Speed": 3.5999999046325684,
        "Enemy_7_Direction": [
            0.0,
            0.0,
            0.0
        ],
        "Enemy_7_SpawnPos": [
            0.0,
            0.0,
            0.0
        ],
        "Enemy_7_Speed": 0.0,
        "eventTriggerDistance": 501.8999938964844,
        "hasEnemySize_": 7
    }
}
