{
    "EnemySpawnEvent_3": {
        "Enemy_0_Direction": [
            -0.5751558542251587,
            -0.5170217156410217,
            -0.6339434385299683
        ],
        "Enemy_0_SpawnPos": [
            12.718000411987305,
            16.676000595092773,
            17.781999588012695
        ],
        "Enemy_0_Speed": 13.0,
        "Enemy_1_Direction": [
            0.0,
            1.0,
            0.0
        ],
        "Enemy_1_SpawnPos": [
            -35.70800018310547,
            -45.32699966430664,
            -2.5260000228881836
        ],
        "Enemy_1_Speed": 10.800000190734863,
        "Enemy_2_Direction": [
            -0.9147151112556458,
            0.0,
            0.4040994644165039
        ],
        "Enemy_2_SpawnPos": [
            25.423999786376953,
            -1.4889999628067017,
            -15.678999900817871
        ],
        "Enemy_2_Speed": 9.100000381469727,
        "Enemy_3_Direction": [
            0.0,
            0.0,
            0.0
        ],
        "Enemy_3_SpawnPos": [
            0.0,
            0.0,
            0.0
        ],
        "Enemy_3_Speed": 0.0,
        "eventTriggerDistance": 203.82000732421875,
        "hasEnemySize_": 3
    }
}
