{
    "EnemySpawnEvent_5": {
        "Enemy_0_Direction": [
            -0.16499775648117065,
            0.09950372576713562,
            0.9812618494033813
        ],
        "Enemy_0_SpawnPos": [
            -19.13599967956543,
            1.4129999876022339,
            -13.29699993133545
        ],
        "Enemy_0_Speed": 8.399999618530273,
        "Enemy_1_Direction": [
            -0.210575670003891,
            -0.8752715587615967,
            0.43538224697113037
        ],
        "Enemy_1_SpawnPos": [
            -25.349000930786133,
            41.459999084472656,
            -12.704999923706055
        ],
        "Enemy_1_Speed": 13.699999809265137,
        "Enemy_2_Direction": [
            0.0033252735156565905,
            0.6838337182998657,
            -0.7296302914619446
        ],
        "Enemy_2_SpawnPos": [
            -23.83300018310547,
            -17.315000534057617,
            38.849998474121094
        ],
        "Enemy_2_Speed": 11.600000381469727,
        "Enemy_3_Direction": [
            0.0,
            0.0,
            0.0
        ],
        "Enemy_3_SpawnPos": [
            0.0,
            0.0,
            0.0
        ],
        "Enemy_3_Speed": 0.0,
        "eventTriggerDistance": 250.0,
        "hasEnemySize_": 3
    }
}
