{
    "EnemySpawnEvent_7": {
        "Enemy_0_Direction": [
            -0.2163606584072113,
            -0.6631391048431396,
            -0.7165434956550598
        ],
        "Enemy_0_SpawnPos": [
            -49.77299880981445,
            22.750999450683594,
            44.69599914550781
        ],
        "Enemy_0_Speed": 7.099999904632568,
        "Enemy_1_Direction": [
            -0.628933310508728,
            -0.19156567752361298,
            -0.7534888386726379
        ],
        "Enemy_1_SpawnPos": [
            -34.02199935913086,
            7.732999801635742,
            47.0890007019043
        ],
        "Enemy_1_Speed": 7.5,
        "Enemy_2_Direction": [
            -0.43581855297088623,
            0.0,
            0.9000346064567566
        ],
        "Enemy_2_SpawnPos": [
            -36.45500183105469,
            6.89300012588501,
            -9.42300033569336
        ],
        "Enemy_2_Speed": 10.399999618530273,
        "Enemy_3_Direction": [
            0.0,
            0.0,
            0.0
        ],
        "Enemy_3_SpawnPos": [
            0.0,
            0.0,
            0.0
        ],
        "Enemy_3_Speed": 0.0,
        "eventTriggerDistance": 275.25,
        "hasEnemySize_": 3
    }
}
