{
    "EnemySpawnEvent_13": {
        "Enemy_0_Direction": [
            0.0,
            1.0,
            0.0
        ],
        "Enemy_0_SpawnPos": [
            -2.9670000076293945,
            8.059000015258789,
            -99.99700164794922
        ],
        "Enemy_0_Speed": 4.5,
        "Enemy_1_Direction": [
            0.0,
            1.0,
            0.0
        ],
        "Enemy_1_SpawnPos": [
            3.7160000801086426,
            -6.400000095367432,
            -102.48200225830078
        ],
        "Enemy_1_Speed": 4.5,
        "Enemy_2_Direction": [
            0.0,
            1.0,
            0.0
        ],
        "Enemy_2_SpawnPos": [
            18.118999481201172,
            -8.71399974822998,
            -84.53099822998047
        ],
        "Enemy_2_Speed": 4.5,
        "Enemy_3_Direction": [
            0.0,
            1.0,
            0.0
        ],
        "Enemy_3_SpawnPos": [
            22.150999069213867,
            -5.739999771118164,
            -79.5260009765625
        ],
        "Enemy_3_Speed": 4.5,
        "Enemy_4_Direction": [
            0.0,
            1.0,
            0.0
        ],
        "Enemy_4_SpawnPos": [
            31.304000854492188,
            -11.04800033569336,
            -66.33799743652344
        ],
        "Enemy_4_Speed": 4.5,
        "Enemy_5_Direction": [
            0.0,
            1.0,
            0.0
        ],
        "Enemy_5_SpawnPos": [
            47.39400100708008,
            -6.165999889373779,
            -89.71399688720703
        ],
        "Enemy_5_Speed": 4.5,
        "Enemy_6_Direction": [
            -0.24118727445602417,
            0.6866921186447144,
            -0.6857715845108032
        ],
        "Enemy_6_SpawnPos": [
            56.96200180053711,
            -16.111000061035156,
            -49.24399948120117
        ],
        "Enemy_6_Speed": 2.9000000953674316,
        "Enemy_7_Direction": [
            -0.7176986336708069,
            0.6028549671173096,
            -0.3485320806503296
        ],
        "Enemy_7_SpawnPos": [
            93.97799682617188,
            -34.52899932861328,
            -56.71699905395508
        ],
        "Enemy_7_Speed": 4.599999904632568,
        "Enemy_8_Direction": [
            0.0,
            0.0,
            0.0
        ],
        "Enemy_8_SpawnPos": [
            0.0,
            0.0,
            0.0
        ],
        "Enemy_8_Speed": 0.0,
        "eventTriggerDistance": 474.0,
        "hasEnemySize_": 8
    }
}
