{
    "EnemySpawnEvent_15": {
        "Enemy_0_Direction": [
            -0.5884958505630493,
            0.0,
            -0.8085002899169922
        ],
        "Enemy_0_SpawnPos": [
            84.10399627685547,
            -2.2230000495910645,
            -24.260000228881836
        ],
        "Enemy_0_Speed": 2.5999999046325684,
        "Enemy_1_Direction": [
            -0.5879338383674622,
            0.0,
            -0.808908998966217
        ],
        "Enemy_1_SpawnPos": [
            82.2750015258789,
            -2.2230000495910645,
            -23.107999801635742
        ],
        "Enemy_1_Speed": 2.5999999046325684,
        "Enemy_2_Direction": [
            -0.6119102835655212,
            0.0,
            -0.7909272313117981
        ],
        "Enemy_2_SpawnPos": [
            99.2040023803711,
            -2.062000036239624,
            -34.222999572753906
        ],
        "Enemy_2_Speed": 2.5999999046325684,
        "Enemy_3_Direction": [
            -0.6119311451911926,
            0.0,
            -0.7909110188484192
        ],
        "Enemy_3_SpawnPos": [
            97.25199890136719,
            -2.062000036239624,
            -32.5359992980957
        ],
        "Enemy_3_Speed": 2.5999999046325684,
        "Enemy_4_Direction": [
            -0.5235570073127747,
            -0.0876675397157669,
            -0.8474682569503784
        ],
        "Enemy_4_SpawnPos": [
            97.76000213623047,
            3.446000099182129,
            -18.39299964904785
        ],
        "Enemy_4_Speed": 7.5,
        "eventTriggerDistance": 548.5,
        "hasEnemySize_": 4
    }
}
