{
    "EnemySpawner": {
        "maxHp": 15.899999618530273,
        "spawnCoolTime": 2.4000000953674316
    }
}
