{
    "EnemySpawnEvent_6": {
        "Enemy_0_Direction": [
            -0.6275405883789063,
            0.0556790791451931,
            0.7765904068946838
        ],
        "Enemy_0_SpawnPos": [
            -21.506999969482422,
            -5.423999786376953,
            -17.722000122070313
        ],
        "Enemy_0_Speed": 14.0,
        "Enemy_1_Direction": [
            -0.8630015254020691,
            -0.3716374337673187,
            -0.34221914410591125
        ],
        "Enemy_1_SpawnPos": [
            3.0969998836517334,
            22.524999618530273,
            33.75199890136719
        ],
        "Enemy_1_Speed": 13.5,
        "Enemy_2_Direction": [
            -0.9133983254432678,
            0.06130438670516014,
            -0.40242433547973633
        ],
        "Enemy_2_SpawnPos": [
            3.756999969482422,
            -3.880000114440918,
            42.06800079345703
        ],
        "Enemy_2_Speed": 11.899999618530273,
        "Enemy_3_Direction": [
            0.0,
            0.0,
            0.0
        ],
        "Enemy_3_SpawnPos": [
            0.0,
            0.0,
            0.0
        ],
        "Enemy_3_Speed": 0.0,
        "eventTriggerDistance": 265.1000061035156,
        "hasEnemySize_": 3
    }
}
