{
    "EnemySpawnEvent_12": {
        "Enemy_0_Direction": [
            -0.3475119173526764,
            -0.10000000149011612,
            -0.9323279857635498
        ],
        "Enemy_0_SpawnPos": [
            -36.801998138427734,
            14.145000457763672,
            -19.69099998474121
        ],
        "Enemy_0_Speed": 3.700000047683716,
        "Enemy_1_Direction": [
            -0.3480473458766937,
            -0.1000136137008667,
            -0.9321268200874329
        ],
        "Enemy_1_SpawnPos": [
            -33.709999084472656,
            14.654000282287598,
            -19.729999542236328
        ],
        "Enemy_1_Speed": 2.5,
        "Enemy_2_Direction": [
            0.8908889293670654,
            -0.09641096740961075,
            -0.4438715875148773
        ],
        "Enemy_2_SpawnPos": [
            -63.207000732421875,
            9.04800033569336,
            -29.086000442504883
        ],
        "Enemy_2_Speed": 6.900000095367432,
        "Enemy_3_Direction": [
            0.890896201133728,
            -0.09598882496356964,
            -0.44394829869270325
        ],
        "Enemy_3_SpawnPos": [
            -62.566001892089844,
            9.83899974822998,
            -26.093000411987305
        ],
        "Enemy_3_Speed": 6.900000095367432,
        "Enemy_4_Direction": [
            0.8913882970809937,
            -0.19705639779567719,
            -0.40816134214401245
        ],
        "Enemy_4_SpawnPos": [
            -67.0250015258789,
            12.03499984741211,
            -42.18600082397461
        ],
        "Enemy_4_Speed": 6.900000095367432,
        "Enemy_5_Direction": [
            0.8951740264892578,
            -0.17973867058753967,
            -0.4078693985939026
        ],
        "Enemy_5_SpawnPos": [
            -70.39199829101563,
            12.609000205993652,
            -44.875999450683594
        ],
        "Enemy_5_Speed": 6.900000095367432,
        "Enemy_6_Direction": [
            0.0,
            0.0,
            0.0
        ],
        "Enemy_6_SpawnPos": [
            0.0,
            0.0,
            0.0
        ],
        "Enemy_6_Speed": 0.0,
        "eventTriggerDistance": 392.6199951171875,
        "hasEnemySize_": 6
    }
}
