{
    "EnemySpawnEvent_4": {
        "Enemy_0_Direction": [
            -0.4198095500469208,
            -0.05253910273313522,
            -0.906090259552002
        ],
        "Enemy_0_SpawnPos": [
            -5.665999889373779,
            0.09600000083446503,
            11.850000381469727
        ],
        "Enemy_0_Speed": 9.300000190734863,
        "Enemy_1_Direction": [
            -0.1932094842195511,
            -0.5105395317077637,
            0.8378660678863525
        ],
        "Enemy_1_SpawnPos": [
            -28.492000579833984,
            20.41699981689453,
            -31.327999114990234
        ],
        "Enemy_1_Speed": 10.399999618530273,
        "Enemy_2_Direction": [
            0.0,
            0.0,
            0.0
        ],
        "Enemy_2_SpawnPos": [
            0.0,
            0.0,
            0.0
        ],
        "Enemy_2_Speed": 0.0,
        "eventTriggerDistance": 240.0,
        "hasEnemySize_": 2
    }
}
