{
    "EnemySpawnEvent_8": {
        "Enemy_0_Direction": [
            -0.4465811550617218,
            0.0,
            0.8947431445121765
        ],
        "Enemy_0_SpawnPos": [
            -53.13399887084961,
            16.631000518798828,
            -26.309999465942383
        ],
        "Enemy_0_Speed": 6.599999904632568,
        "Enemy_1_Direction": [
            0.16972316801548004,
            0.8572949171066284,
            0.48604467511177063
        ],
        "Enemy_1_SpawnPos": [
            -72.677001953125,
            -17.788000106811523,
            -5.698999881744385
        ],
        "Enemy_1_Speed": 6.300000190734863,
        "Enemy_2_Direction": [
            -0.610314130783081,
            0.7693003416061401,
            0.18892773985862732
        ],
        "Enemy_2_SpawnPos": [
            -63.917999267578125,
            -28.25,
            -11.975000381469727
        ],
        "Enemy_2_Speed": 10.899999618530273,
        "Enemy_3_Direction": [
            0.0,
            0.0,
            0.0
        ],
        "Enemy_3_SpawnPos": [
            0.0,
            0.0,
            0.0
        ],
        "Enemy_3_Speed": 0.0,
        "eventTriggerDistance": 287.42999267578125,
        "hasEnemySize_": 3
    }
}
