{
    "EnemySpawnEvent_2": {
        "Enemy_0_Direction": [
            -0.7101733684539795,
            0.0,
            -0.7040268778800964
        ],
        "Enemy_0_SpawnPos": [
            84.61699676513672,
            7.250999927520752,
            2.6740000247955322
        ],
        "Enemy_0_Speed": 7.800000190734863,
        "Enemy_1_Direction": [
            -0.25124120712280273,
            -0.2041657418012619,
            -0.946147084236145
        ],
        "Enemy_1_SpawnPos": [
            26.658000946044922,
            18.533000946044922,
            21.268999099731445
        ],
        "Enemy_1_Speed": 8.0,
        "Enemy_2_Direction": [
            0.0,
            1.0,
            0.0
        ],
        "Enemy_2_SpawnPos": [
            6.038000106811523,
            -52.400001525878906,
            -28.591999053955078
        ],
        "Enemy_2_Speed": 3.0,
        "Enemy_3_Direction": [
            0.0,
            0.97991943359375,
            0.19939398765563965
        ],
        "Enemy_3_SpawnPos": [
            15.246000289916992,
            -50.599998474121094,
            -21.20800018310547
        ],
        "Enemy_3_Speed": 3.0999999046325684,
        "Enemy_4_Direction": [
            0.0,
            0.0,
            0.0
        ],
        "Enemy_4_SpawnPos": [
            0.0,
            0.0,
            0.0
        ],
        "Enemy_4_Speed": 0.0,
        "eventTriggerDistance": 105.7300033569336,
        "hasEnemySize_": 4
    }
}
