{
    "EnemySpawnEvent_10": {
        "Enemy_0_Direction": [
            -0.9868893623352051,
            -0.161167711019516,
            0.008622839115560055
        ],
        "Enemy_0_SpawnPos": [
            -41.07400131225586,
            12.244000434875488,
            -3.0959999561309814
        ],
        "Enemy_0_Speed": 12.399999618530273,
        "Enemy_1_Direction": [
            -0.08412992209196091,
            0.0,
            -0.9964547753334045
        ],
        "Enemy_1_SpawnPos": [
            -79.5270004272461,
            9.152000427246094,
            31.246999740600586
        ],
        "Enemy_1_Speed": 10.399999618530273,
        "Enemy_2_Direction": [
            -0.31265005469322205,
            -0.6749764680862427,
            -0.668323814868927
        ],
        "Enemy_2_SpawnPos": [
            -67.07099914550781,
            24.0939998626709,
            17.742000579833984
        ],
        "Enemy_2_Speed": 12.5,
        "Enemy_3_Direction": [
            0.0,
            0.0,
            0.0
        ],
        "Enemy_3_SpawnPos": [
            0.0,
            0.0,
            0.0
        ],
        "Enemy_3_Speed": 0.0,
        "eventTriggerDistance": 313.04998779296875,
        "hasEnemySize_": 3
    }
}
