{
    "EnemySpawnEvent_1": {
        "Enemy_0_Direction": [
            -0.863716185092926,
            -0.11412780731916428,
            -0.4908861815929413
        ],
        "Enemy_0_SpawnPos": [
            79.83899688720703,
            6.929999828338623,
            47.5890007019043
        ],
        "Enemy_0_Speed": 9.300000190734863,
        "Enemy_1_Direction": [
            0.8976905941963196,
            0.19471603631973267,
            0.3952687084674835
        ],
        "Enemy_1_SpawnPos": [
            36.53900146484375,
            10.229999542236328,
            34.28900146484375
        ],
        "Enemy_1_Speed": 9.199999809265137,
        "Enemy_2_Direction": [
            -0.9815012216567993,
            -0.05796976760029793,
            -0.18246878683567047
        ],
        "Enemy_2_SpawnPos": [
            98.23400115966797,
            11.383999824523926,
            32.70399856567383
        ],
        "Enemy_2_Speed": 8.800000190734863,
        "Enemy_3_Direction": [
            0.970998227596283,
            -0.07298894226551056,
            0.22767320275306702
        ],
        "Enemy_3_SpawnPos": [
            7.0,
            9.899999618530273,
            2.4000000953674316
        ],
        "Enemy_3_Speed": 6.5,
        "Enemy_4_Direction": [
            0.9709272384643555,
            -0.07303062081336975,
            0.22796234488487244
        ],
        "Enemy_4_SpawnPos": [
            3.700000047683716,
            8.800000190734863,
            6.099999904632568
        ],
        "Enemy_4_Speed": 5.099999904632568,
        "eventTriggerDistance": 47.13999938964844,
        "hasEnemySize_": 4
    }
}
