{
    "GameCamera": {
        "followOffset": [
            0.0,
            2.299999952316284,
            -28.600000381469727
        ],
        "maxRotateX": 1.100000023841858,
        "minRotateX": 0.004000000189989805,
        "rotateSensitivity_": 0.10000000149011612,
        "rotateSpeed": 0.10000000149011612
    }
}
