{
    "HpBarUI": {
        "hpBarPos": [
            44.79999923706055,
            67.5999984741211
        ],
        "hpBarSize": [
            360.0,
            24.0
        ],
        "maxHpColor": [
            0.30000001192092896,
            1.0,
            0.30000001192092896,
            1.0
        ],
        "minHpColor": [
            1.0,
            0.30000001192092896,
            0.30000001192092896,
            1.0
        ]
    }
}
