{
    "PlayerDodge": {
        "actionTime": 0.20000000298023224,
        "distance": 7.199999809265137,
        "endLagTime": 0.10000000149011612
    }
}
