{
    "PlayerWeakAttack1": {
        "actionTime": 0.30000001192092896,
        "attackColliderOffset_": [
            0.0,
            0.0,
            1.0
        ],
        "attackPower": 0.800000011920929,
        "endLagTime": 0.10000000149011612,
        "radius": 1.5,
        "startUpTime": 0.10000000149011612
    }
}
