{
    "PlayerWeakAttack3": {
        "actionTime": 0.4000000059604645,
        "attackColliderOffset_": [
            0.0,
            0.0,
            0.0
        ],
        "attackPower": 0.0,
        "endLagTime": 0.30000001192092896,
        "radius": 5.300000190734863,
        "startUpTime": 0.20000000298023224
    }
}
