{
    "PlayerWeakAttack0": {
        "actionTime": 0.20000000298023224,
        "endLagTime": 0.800000011920929,
        "startUpTime": 0.20000000298023224
    }
}
