{
    "Player": {
        "hp": 40.20000076293945,
        "radius": 1.100000023841858
    }
}
