{
    "PlayerDodge": {
        "actionTime": 0.20000000298023224,
        "distance": 4.300000190734863,
        "endLagTime": 0.30000001192092896
    }
}
