{
    "PlayerWeakAttack0": {
        "actionTime": 0.4000000059604645,
        "attackColliderOffset_": [
            0.0,
            0.0,
            1.5
        ],
        "attackPower": 0.699999988079071,
        "endLagTime": 0.10000000149011612,
        "radius": 3.200000047683716,
        "startUpTime": 0.20000000298023224
    }
}
