{
    "PlayerWeakAttack2": {
        "actionTime": 0.6000000238418579,
        "endLagTime": 1.0,
        "startUpTime": 0.30000001192092896
    }
}
