{
    "PlayerWeakAttack3": {
        "actionTime": 0.30000001192092896,
        "endLagTime": 0.699999988079071,
        "startUpTime": 0.30000001192092896
    }
}
