{
    "PlayerWeakAttack2": {
        "actionTime": 0.6000000238418579,
        "attackColliderOffset_": [
            0.0,
            0.0,
            0.800000011920929
        ],
        "attackPower": 0.800000011920929,
        "endLagTime": 0.10000000149011612,
        "radius": 1.600000023841858,
        "startUpTime": 0.30000001192092896
    }
}
