{
    "RailCamera": {
        "acceleration": -9.800000190734863,
        "maxVelocity_": 9.600000381469727,
        "minVelocity_": 2.799999952316284,
        "offset": [
            0.0,
            1.7000000476837158,
            0.0
        ]
    }
}
