{
    "Reticle": {
        "distance3DReticle_": 40.0,
        "maxPos": [
            28.399999618530273,
            15.699999809265137
        ],
        "minPos": [
            -28.399999618530273,
            -15.699999809265137
        ],
        "size": [
            100.0,
            100.0
        ],
        "speed": 35.099998474121094
    }
}
