{
    "Score": {
        "numbersLtPos_": [
            988.2999877929688,
            636.5999755859375
        ],
        "scoreTextPos_": [
            866.0,
            637.7999877929688
        ],
        "scoreTextSize_": [
            197.1999969482422,
            59.099998474121094
        ],
        "textureTileSize_": [
            36.0,
            36.0
        ],
        "tile2tileSpacing_": [
            2.0,
            0.0
        ],
        "tileSize_": [
            46.0,
            46.0
        ]
    }
}
