{
    "UI": {
        "attackUIPos": [
            1035.699951171875,
            617.5
        ],
        "dashUIPos": [
            1124.4000244140625,
            653.4000244140625
        ],
        "jumpUIPos": [
            1124.4000244140625,
            578.9000244140625
        ]
    }
}
