{
    "WeakEnemy": {
        "attack": 8.600000381469727,
        "hp": 42.599998474121094,
        "maxMoveLenght": 48.900001525878906,
        "maxPlayer2Distance": 15.100000381469727,
        "minPlayer2Distance": 8.5,
        "radius": 1.399999976158142,
        "speed": 5.099999904632568
    }
}
