{
    "WeakEnemy": {
        "attack": 0.0,
        "hp": 4.699999809265137,
        "maxPlayer2Distance": 15.100000381469727,
        "minPlayer2Distance": 8.5,
        "speed": 5.099999904632568
    }
}
