{
    "DirectionalLight1": {
        "color": [
            0.0,
            0.0,
            0.0
        ],
        "direction": [
            0.4269999861717224,
            0.13564512133598328,
            0.8940198421478271
        ],
        "intensity": 0.0
    }
}
