{
    "PointLight0": {
        "color": [
            1.0,
            1.0,
            1.0
        ],
        "decay": 59.5,
        "intensity": 0.6589999794960022,
        "pos": [
            0.0,
            -31.100000381469727,
            0.0
        ],
        "radius": 69.19999694824219
    }
}
