{
    "PointLight0": {
        "color": [
            1.0,
            1.0,
            1.0
        ],
        "decay": 26.399999618530273,
        "intensity": 1.0,
        "pos": [
            78.94200134277344,
            17.11400032043457,
            22.089000701904297
        ],
        "radius": 118.0999984741211
    }
}
