{
    "SpotLight3": {
        "color": [
            1.0,
            0.0,
            0.0
        ],
        "cosAngle": 3.5,
        "cosFalloffStart": 2.9000000953674316,
        "decay": 12.300000190734863,
        "direction": [
            0.0,
            -0.1,
            0.0
        ],
        "distance": 32.29999923706055,
        "intensity": 1.0,
        "pos": [
            0.0,
            1.600000023841858,
            -40.0
        ]
    }
}
