{
    "SpotLight0": {
        "color": [
            1.0,
            1.0,
            1.0
        ],
        "cosAngle": 0.5,
        "cosFalloffStart": 1.0,
        "decay": 0.10000000149011612,
        "direction": [
            0.0,
            0.0,
            -1.0
        ],
        "distance": 1.0,
        "intensity": 0.10000000149011612,
        "pos": [
            0.0,
            0.0,
            0.0
        ]
    }
}
