{
    "HitEffect": {
        "Sphere_radius": 4.400000095367432,
        "SpherespawnLocationType": 1,
        "activeTime": 0.30000001192092896,
        "blendMode": 0,
        "isLoop": false,
        "modelFileName": "sphere.obj",
        "particleColor": [
            1.0,
            1.0,
            1.0,
            1.0
        ],
        "particleIsBillBoard": false,
        "particleLifeTime": 0.4000000059604645,
        "particleUvRotate": [
            0.0,
            0.0,
            0.0
        ],
        "particleUvScale": [
            1.0,
            1.0,
            1.0
        ],
        "particleUvTranslate": [
            0.0,
            0.0,
            0.0
        ],
        "shapeType": 0,
        "spawnCoolTime": 0.30000001192092896,
        "spawnParticleVal": 5,
        "startParticleRotateMax": [
            0.0,
            0.0,
            0.0
        ],
        "startParticleRotateMin": [
            0.0,
            0.0,
            0.0
        ],
        "startParticleScaleMax": [
            0.4000000059604645,
            0.4000000059604645,
            1.7000000476837158
        ],
        "startParticleScaleMin": [
            0.4000000059604645,
            0.4000000059604645,
            0.699999988079071
        ],
        "startParticleVelocityMax": [
            0.0,
            0.0,
            1.7999999523162842
        ],
        "startParticleVelocityMin": [
            0.0,
            0.0,
            0.5
        ],
        "textureFileName": "resource\\Texture/uvChecker.png",
        "updateParticleRotateMax": [
            0.0,
            0.0,
            0.0
        ],
        "updateParticleRotateMin": [
            0.0,
            0.0,
            0.0
        ],
        "updateParticleScaleMax": [
            0.0,
            0.0,
            0.0
        ],
        "updateParticleScaleMin": [
            0.0,
            0.0,
            0.0
        ],
        "updateParticleVelocityMax": [
            0.0,
            0.0,
            0.0
        ],
        "updateParticleVelocityMin": [
            0.0,
            0.0,
            0.0
        ],
        "updateSettings": 2082
    }
}
